SimNum," ""Intercept"""," ""Int_Low_CI"""," ""Int_Up_CI"""," ""Slope"""," ""Sl_Low_CI"""," ""Sl_Up_CI"""," ""a90"""," ""a9095"""," ""AIC"""," ""Iter"""," ""Converged"""," ""Separated"""," ""Uneven"""," ""Uneven_lower"""," ""Overlap"""," ""Case"""," ""Insp"""," ""N""",Model,a50,a25,
1,-2.84475443,-6.023735503,-5.94E-01,22.04905238,9.503876552,42.13318407,0.228671007,0.357709038,34.16639953,8,1,0,0.166666667,0.166666667,0.366666667,2,1,60,Logit,0.129019351,0.107380269,
1,-4.27474231,-7.713731819,-2.00E+00,22.67242794,11.72122529,40.87660249,0.285455396,0.400615679,37.03155272,8,1,0,0.283333333,0.283333333,0.366666667,2,2,60,Logit,0.18854365,0.167499531,
1,-5.503182685,-8.9407218,-3.18E+00,17.49029736,10.14522143,28.2183602,0.440267373,0.554190203,39.27213762,7,1,0,0.5,0.5,0.366666667,2,3,60,Logit,0.314642031,0.287362835,
2,-3.381513524,-6.796943197,-9.65E-01,25.99805125,11.86216091,47.56380047,0.214582934,0.304205369,36.44865458,8,1,0,0.183333333,0.183333333,0.35,2,1,60,Logit,0.130067961,0.111715768,
2,-4.337346086,-7.87085469,-1.95E+00,25.46475065,13.01575681,45.25113086,0.256612396,0.349000823,41.30648454,7,1,0,0.283333333,0.283333333,0.416666667,2,2,60,Logit,0.170327452,0.151590914,
2,-4.894397607,-7.742251257,-2.78E+00,18.48175965,10.47283126,29.37203094,0.383709253,0.492668168,46.63194481,6,1,0,0.5,0.5,0.416666667,2,3,60,Logit,0.264823139,0.239007348,
3,-5.072918119,-9.567742905,-2.00E+00,34.73270792,16.05275837,64.39679677,0.209316898,0.299838504,27.92310068,8,1,0,0.183333333,0.183333333,0.25,2,1,60,Logit,0.146055935,0.132318991,
3,-4.743421489,-8.205518558,-2.38E+00,24.52900922,13.36325518,42.23336057,0.282956641,0.376628414,34.85090498,7,1,0,0.283333333,0.283333333,0.366666667,2,2,60,Logit,0.193380069,0.173928763,
3,-6.584632528,-10.75092886,-3.81E+00,21.14387794,12.48842521,33.9553786,0.415338053,0.500852202,37.63091953,6,1,0,0.5,0.5,0.366666667,2,3,60,Logit,0.311420287,0.28885483,
4,-2.815767097,-5.668485731,-7.41E-01,23.5276,10.89398663,45.68779269,0.213068552,0.336963316,32.01756103,8,1,0,0.166666667,0.166666667,0.2,2,1,60,Logit,0.119679317,0.099400102,
4,-4.886870689,-8.328255521,-2.53E+00,26.39645478,14.86568198,43.53207973,0.268372981,0.345413013,30.54889799,7,1,0,0.283333333,0.283333333,0.2,2,2,60,Logit,0.1851336,0.167058398,
4,-9.197190329,-16.34773688,-4.95E+00,30.67263529,16.6840294,54.39570953,0.371484706,0.454999927,28.95621869,7,1,0,0.5,0.5,0.2,2,3,60,Logit,0.299850021,0.284294747,
5,-2.055969699,-4.419681618,-1.36E-01,18.18369869,8.007510037,32.62210223,0.233901493,0.344902374,38.86729809,7,1,0,0.166666667,0.166666667,0.6,2,1,60,Logit,0.113066639,0.086827684,
5,-3.334811069,-5.927286022,-1.38E+00,19.07275505,9.897719877,32.06203929,0.290049111,0.390319053,45.72857359,7,1,0,0.283333333,0.283333333,0.6,2,2,60,Logit,0.174846846,0.149830992,
5,-3.495646328,-5.670468752,-1.84E+00,12.4973086,6.666431563,20.42711551,0.455527753,0.630442325,57.67844657,6,1,0,0.5,0.5,0.6,2,3,60,Logit,0.279711932,0.241534011,
6,-2.455588707,-5.056828002,-4.31E-01,18.10682588,8.093236727,32.76697863,0.256964601,0.377908922,40.01060068,7,1,0,0.183333333,0.183333333,0.4,2,1,60,Logit,0.135616741,0.109266387,
6,-3.623240525,-6.43737029,-1.55E+00,19.22799737,9.903889955,32.79597509,0.302707817,0.411156838,44.24869702,7,1,0,0.283333333,0.283333333,0.483333333,2,2,60,Logit,0.188435668,0.163621786,
6,-4.953966038,-7.88294724,-2.83E+00,16.76950283,9.558165349,26.9788524,0.426440228,0.549220357,46.06044691,6,1,0,0.5,0.5,0.483333333,2,3,60,Logit,0.2954152,0.266963477,
7,-3.610294965,-7.183966145,-1.21E+00,27.06416554,12.54219588,51.50368365,0.214583359,0.329632101,26.81401942,8,1,1,0.166666667,0.166666667,0.216666667,2,1,60,Logit,0.133397609,0.115768347,
7,-4.994976707,-8.781351709,-2.52E+00,24.49892891,13.4113245,42.91372414,0.293572071,0.390534874,29.56704436,8,1,1,0.283333333,0.283333333,0.216666667,2,2,60,Logit,0.203885514,0.184410325,
7,-11.48665598,-22.61110524,-5.74E+00,33.99580565,17.1623121,66.90490104,0.402516731,0.50373836,24.67562896,9,1,1,0.5,0.5,0.216666667,2,3,60,Logit,0.337884505,0.323849796,
8,-2.392785478,-4.609022139,-6.56E-01,16.29560153,7.875984567,29.03668709,0.281671717,0.421975895,40.6691708,7,1,0,0.216666667,0.216666667,0.5,2,1,60,Logit,0.146836278,0.117557135,
8,-1.903122728,-3.567952516,-5.07E-01,10.67350404,5.317030841,18.03647648,0.384161311,0.566997811,52.58459812,6,1,0,0.283333333,0.283333333,0.666666667,2,2,60,Logit,0.178303463,0.133601999,
8,-3.16929404,-5.031566147,-1.71E+00,9.650097545,5.436695489,15.2547241,0.556110298,0.751548242,57.00990438,5,1,0,0.5,0.5,0.666666667,2,3,60,Logit,0.328420933,0.278978816,
9,-1.778294507,-3.81121697,-8.39E-02,14.94630192,6.614838153,26.96467105,0.265986804,0.410795774,40.77560009,7,1,0,0.183333333,0.183333333,0.45,2,1,60,Logit,0.118978896,0.087056535,
9,-3.0586369,-5.337827605,-1.28E+00,16.72392634,8.791951418,27.69944568,0.314271982,0.429470612,43.60040224,7,1,0,0.283333333,0.283333333,0.533333333,2,2,60,Logit,0.182889881,0.15436062,
9,-4.017075511,-6.548765148,-2.19E+00,13.04754409,7.097052353,21.41848772,0.47628121,0.645856502,49.91231351,6,1,0,0.5,0.5,0.533333333,2,3,60,Logit,0.307879819,0.271311921,
10,-1.472180678,-3.383147177,1.07E-01,12.78833403,5.720043431,23.57969249,0.286933798,0.466896543,37.7406467,7,1,0,0.166666667,0.166666667,0.366666667,2,1,60,Logit,0.115119035,0.077809934,
10,-3.187385272,-5.609633078,-1.43E+00,15.31046511,8.33268507,26.00388146,0.351694727,0.487524637,39.11488611,7,1,0,0.283333333,0.283333333,0.366666667,2,2,60,Logit,0.208183439,0.177020358,
10,-5.066414047,-8.135766077,-2.92E+00,13.82610508,8.200273925,21.78623169,0.525356822,0.652615873,41.39723981,6,1,0,0.5,0.5,0.366666667,2,3,60,Logit,0.366438272,0.331929547,
11,-2.436784574,-4.715013644,-6.95E-01,19.61806906,10.05717072,34.06022062,0.236211277,0.342081777,32.26015853,7,1,0,0.183333333,0.183333333,0.3,2,1,60,Logit,0.124211234,0.099890734,
11,-3.673282865,-6.398188152,-1.74E+00,19.4360968,10.96569118,32.0947966,0.30204148,0.394291345,36.64886383,7,1,0,0.283333333,0.283333333,0.366666667,2,2,60,Logit,0.188992826,0.164444623,
11,-7.180907964,-12.28142394,-3.94E+00,23.07350319,12.97513348,38.81760025,0.406445977,0.49427524,36.62825479,7,1,0,0.5,0.5,0.366666667,2,3,60,Logit,0.3112188,0.290540481,
12,-2.026782596,-4.182729166,-2.67E-01,14.80589649,6.954121963,26.16277359,0.285292226,0.418441292,40.40732113,7,1,0,0.183333333,0.183333333,0.516666667,2,1,60,Logit,0.136890231,0.104665148,
12,-3.176362327,-5.528250634,-1.37E+00,15.74520382,8.548759305,25.93825924,0.341284048,0.454914013,44.76693072,6,1,0,0.283333333,0.283333333,0.65,2,2,60,Logit,0.201735231,0.17143259,
12,-4.799580163,-7.632821508,-2.72E+00,14.79111431,8.583250071,23.27099765,0.473041084,0.592960495,48.88758429,6,1,0,0.5,0.5,0.65,2,3,60,Logit,0.324490776,0.292233487,
13,-1.487741515,-3.560522226,2.73E-01,14.85970904,6.039545328,27.2342968,0.247983731,0.388967921,42.152978,7,1,0,0.166666667,0.166666667,0.35,2,1,60,Logit,0.100119155,0.06801077,
13,-3.837828171,-6.823705021,-1.71E+00,21.97446203,11.58035844,37.30783207,0.274639386,0.365473247,42.13703627,7,1,0,0.283333333,0.283333333,0.35,2,2,60,Logit,0.174649471,0.152936937,
13,-4.740309952,-7.523655655,-2.67E+00,17.32213439,9.79749708,27.64586904,0.400501138,0.515517653,48.06307911,6,1,0,0.5,0.5,0.35,2,3,60,Logit,0.273656228,0.246112205,
14,-1.943415751,-4.164191196,-1.33E-01,20.21607089,8.881512178,37.39261238,0.204819243,0.321833982,36.94660297,7,1,0,0.166666667,0.166666667,0.583333333,2,1,60,Logit,0.096132219,0.072531132,
14,-3.148557576,-5.476869642,-1.35E+00,20.23561584,10.68341086,33.4590642,0.264176895,0.360800893,42.47253607,7,1,0,0.283333333,0.283333333,0.583333333,2,2,60,Logit,0.155594848,0.132016557,
14,-3.830485687,-6.177192682,-2.13E+00,14.43778515,8.096049733,23.57688354,0.417495495,0.565064492,50.39370637,6,1,0,0.5,0.5,0.583333333,2,3,60,Logit,0.265309786,0.232263079,
15,-3.133043246,-6.231828351,-7.76E-01,23.10225185,10.56083045,41.36766007,0.230725033,0.323048521,35.48937828,8,1,0,0.166666667,0.166666667,0.35,2,1,60,Logit,0.135616358,0.114963771,
15,-5.787221662,-10.40371212,-2.80E+00,30.20625276,15.87400624,53.16463379,0.264330909,0.339123558,35.82688678,8,1,1,0.283333333,0.283333333,0.35,2,2,60,Logit,0.191590189,0.175794742,
15,-7.671291837,-12.69226863,-4.35E+00,27.39320592,15.41791025,45.34878747,0.360254161,0.441159646,35.83224051,7,1,0,0.5,0.5,0.35,2,3,60,Logit,0.280043594,0.262626091,
16,-3.141508252,-6.180175783,-9.81E-01,19.88235137,9.159515554,37.74138963,0.268516169,0.417252649,31.40969066,8,1,0,0.183333333,0.183333333,0.316666667,2,1,60,Logit,0.158004865,0.134007641,
16,-3.710326147,-6.411742549,-1.72E+00,16.41547119,8.707159182,27.64469719,0.359877012,0.494049087,36.64813625,7,1,0,0.283333333,0.283333333,0.416666667,2,2,60,Logit,0.226026174,0.196960834,
16,-5.417062513,-8.911987822,-3.09E+00,13.84474029,7.888929194,22.98575883,0.549976881,0.713696554,37.14806987,7,1,0,0.5,0.5,0.416666667,2,3,60,Logit,0.391272238,0.356809962,
17,-2.394686332,-5.130809377,-4.30E-01,19.93220536,8.840979997,38.49647501,0.23037646,0.377005741,33.60712441,8,1,1,0.166666667,0.166666667,0.3,2,1,60,Logit,0.120141564,0.096204361,
17,-3.78571191,-6.558385591,-1.81E+00,20.03732821,10.86126187,34.57451223,0.298589534,0.413231681,36.00789058,8,1,1,0.283333333,0.283333333,0.3,2,2,60,Logit,0.188932969,0.165121349,
17,-6.732409743,-11.42809584,-3.80E+00,20.55727219,11.86654306,34.29718674,0.434378367,0.530288196,33.72627531,7,1,1,0.5,0.5,0.3,2,3,60,Logit,0.327495286,0.30428592,
18,-3.228185553,-6.31596767,-8.96E-01,24.90110305,11.60550415,44.89226343,0.217878305,0.309628408,33.62047198,8,1,0,0.166666667,0.166666667,0.483333333,2,1,60,Logit,0.129640263,0.110479616,
18,-5.101391639,-8.904242805,-2.50E+00,27.61417563,14.8706768,46.99942547,0.264306866,0.340175918,36.11146571,7,1,0,0.283333333,0.283333333,0.483333333,2,2,60,Logit,0.184738147,0.167460019,
18,-6.420282472,-10.50844222,-3.68E+00,22.94293873,13.17340782,37.71849106,0.37560607,0.467484435,39.67858212,7,1,0,0.5,0.5,0.483333333,2,3,60,Logit,0.279836971,0.259040975,
19,-3.223981622,-6.219356291,-1.02E+00,23.77922877,11.76681853,42.40658971,0.227980741,0.320164204,30.24938837,8,1,0,0.166666667,0.166666667,0.333333333,2,1,60,Logit,0.135579739,0.115515116,
19,-5.627398128,-9.984861415,-2.81E+00,27.77376587,15.24744514,47.66362013,0.281727107,0.35467414,31.70721624,7,1,0,0.283333333,0.283333333,0.333333333,2,2,60,Logit,0.202615596,0.18543675,
19,-9.854556943,-17.43793495,-5.26E+00,32.53212374,17.44974779,57.2147995,0.370457878,0.447207933,30.96953808,8,1,0,0.5,0.5,0.333333333,2,3,60,Logit,0.302917726,0.288251568,
20,-1.952373499,-4.054051833,-2.50E-01,15.21310842,7.202413147,26.89985991,0.272764642,0.404408314,39.29394043,7,1,0,0.183333333,0.183333333,0.416666667,2,1,60,Logit,0.128334949,0.09697244,
20,-2.964282416,-5.223026719,-1.24E+00,15.39687382,8.283491813,25.45938447,0.335230843,0.453880178,44.7230745,6,1,0,0.283333333,0.283333333,0.5,2,2,60,Logit,0.192524954,0.161536763,
20,-4.724579708,-7.587784777,-2.69E+00,14.86897706,8.652017317,23.84203717,0.465519871,0.593307727,47.07867443,6,1,0,0.5,0.5,0.5,2,3,60,Logit,0.317747461,0.28565909,
21,-3.379621858,-6.43533653,-1.14E+00,21.37321507,10.68417766,37.71965411,0.260926885,0.356152061,34.12359426,8,1,1,0.183333333,0.183333333,0.366666667,2,1,60,Logit,0.158124168,0.135800842,
21,-4.329510691,-7.389870179,-2.07E+00,20.40720519,11.24182701,33.45135405,0.319825043,0.406554581,40.17832969,7,1,0,0.283333333,0.283333333,0.4,2,2,60,Logit,0.212155984,0.188775945,
21,-7.47041465,-12.51444973,-4.11E+00,23.60627015,13.11084242,39.15357884,0.409536923,0.496197151,39.92266398,7,1,1,0.5,0.5,0.4,2,3,60,Logit,0.316458916,0.296247283,
22,-0.723640362,-2.318171599,7.49E-01,8.828668822,3.350773166,16.5192521,0.330838657,0.56379529,45.6740235,6,1,0,0.166666667,0.166666667,0.816666667,2,1,60,Logit,0.081964833,0.027922568,
22,-1.874299035,-3.502430298,-4.88E-01,9.836449335,4.997455431,16.24506554,0.413922084,0.59132012,53.78049497,6,1,0,0.283333333,0.283333333,0.816666667,2,2,60,Logit,0.190546301,0.142040866,
22,-6.289243647,-10.40727059,-3.59E+00,19.14091663,11.17380927,31.40625562,0.443367911,0.546167781,36.71428755,7,1,0,0.483333333,0.483333333,0.35,2,3,60,Logit,0.328575886,0.303649115,
23,-2.627866136,-5.299021876,-6.09E-01,22.13557226,10.12893484,41.3834026,0.217979037,0.33717114,32.29287698,8,1,0,0.166666667,0.166666667,0.3,2,1,60,Logit,0.118716883,0.09716238,
23,-4.39282467,-7.620163782,-2.14E+00,23.74515594,12.8696135,40.00291817,0.277532363,0.367327341,33.65963944,8,1,0,0.283333333,0.283333333,0.3,2,2,60,Logit,0.184998771,0.164905357,
23,-6.578811501,-11.2105709,-3.67E+00,21.55844523,11.99830147,36.84614821,0.407081122,0.517852798,34.48344685,7,1,0,0.5,0.5,0.3,2,3,60,Logit,0.305161686,0.283030162,
24,-1.390243118,-3.217412022,2.06E-01,11.3168343,4.948788431,20.01837213,0.317002759,0.479180421,45.07113293,7,1,0,0.183333333,0.183333333,0.583333333,2,1,60,Logit,0.122847351,0.08068704,
24,-2.46490997,-4.435086468,-8.68E-01,12.39768498,6.496294767,20.34310882,0.376048799,0.512405729,50.88822512,6,1,0,0.283333333,0.283333333,0.65,2,2,60,Logit,0.198820181,0.160335475,
24,-4.045842803,-6.434079776,-2.22E+00,12.3198505,6.988656325,19.35402714,0.506748632,0.650677158,55.37484325,6,1,0,0.5,0.5,0.65,2,3,60,Logit,0.328400317,0.289672472,
25,-3.071661224,-5.932438392,-8.68E-01,21.73964479,10.17449712,39.14700589,0.242363012,0.348441459,36.7709738,7,1,0,0.183333333,0.183333333,0.4,2,1,60,Logit,0.141293073,0.119346015,
25,-4.066874064,-6.990418343,-1.90E+00,21.36090413,11.44800396,35.50972511,0.293250632,0.386408058,40.97717268,7,1,0,0.283333333,0.283333333,0.5,2,2,60,Logit,0.190388667,0.168052475,
25,-5.522665874,-8.820118276,-3.20E+00,18.65022523,10.8837774,30.01137835,0.413930146,0.519608188,43.26708548,6,1,0,0.5,0.5,0.5,2,3,60,Logit,0.296117919,0.270535318,
26,-0.981947429,-3.014812131,7.64E-01,8.978101126,2.896385418,17.87045601,0.35410294,0.659367722,46.79190686,7,1,0,0.166666667,0.166666667,0.6,2,1,60,Logit,0.109371393,0.056228613,
26,-2.524969603,-4.662460795,-8.05E-01,11.62261739,5.573999168,20.02431449,0.406293524,0.588272704,52.40072859,6,1,0,0.283333333,0.283333333,0.6,2,2,60,Logit,0.217246212,0.17619511,
26,-3.080261967,-4.977603524,-1.57E+00,8.48225721,4.429375043,13.82249117,0.622179499,0.884959662,60.95934562,5,1,0,0.5,0.5,0.6,2,3,60,Logit,0.363141778,0.306892452,
27,-1.910398093,-4.067033299,-1.49E-01,16.73232605,7.591014099,30.63995109,0.245490236,0.38079698,36.79110727,7,1,0,0.166666667,0.166666667,0.333333333,2,1,60,Logit,0.11417409,0.085659151,
27,-3.662758182,-6.277595256,-1.72E+00,19.45158421,10.69092587,31.97577735,0.301259923,0.399577635,38.48562119,7,1,0,0.283333333,0.283333333,0.333333333,2,2,60,Logit,0.188301279,0.163772621,
27,-5.913917017,-9.757552612,-3.36E+00,19.13544452,10.98846165,31.61866499,0.42388049,0.532683489,39.1849094,7,1,0,0.5,0.5,0.333333333,2,3,60,Logit,0.309055638,0.284121738,
28,-1.723720507,-3.837202237,4.56E-02,15.21479389,6.674254294,27.14183737,0.257706093,0.386658364,39.5515607,7,1,0,0.166666667,0.166666667,0.7,2,1,60,Logit,0.1132924,0.081933364,
28,-2.462179475,-4.556068702,-8.16E-01,13.58302875,6.789700874,22.90934094,0.343031303,0.48292273,50.68182592,6,1,0,0.283333333,0.283333333,0.7,2,2,60,Logit,0.181268811,0.146142532,
28,-9.859071821,-18.88361698,-5.09E+00,35.54644004,18.02936852,69.2211037,0.339170291,0.446158546,29.87180093,8,1,0,0.483333333,0.483333333,0.25,2,3,60,Logit,0.277357502,0.263935026,
29,-3.014492541,-5.857363119,-8.91E-01,23.73834904,11.43203102,42.85123515,0.219548424,0.318615312,30.15389214,8,1,0,0.166666667,0.166666667,0.316666667,2,1,60,Logit,0.126988298,0.106889122,
29,-5.343261925,-9.496760935,-2.62E+00,27.41122763,14.78487906,46.70643803,0.275087515,0.350452983,31.14933887,8,1,0,0.283333333,0.283333333,0.316666667,2,2,60,Logit,0.194929684,0.177523631,
29,-6.562791364,-11.08098895,-3.67E+00,21.5632616,11.94504493,36.95530281,0.40624726,0.522917971,35.99770112,7,1,0,0.5,0.5,0.316666667,2,3,60,Logit,0.304350589,0.282224008,
30,-1.818578088,-4.059012136,5.14E-02,14.84049049,6.337431449,27.24048069,0.270597705,0.412111083,41.25184124,7,1,0,0.166666667,0.166666667,0.466666667,2,1,60,Logit,0.122541643,0.090391678,
30,-3.786701682,-6.476189682,-1.75E+00,19.23055222,10.45524143,31.63433468,0.311167677,0.4074622,42.77484433,6,1,0,0.283333333,0.283333333,0.466666667,2,2,60,Logit,0.19691071,0.172100124,
30,-5.794695853,-9.355688673,-3.32E+00,19.06213303,11.06157868,30.67282512,0.419256356,0.519670792,43.93603264,6,1,0,0.5,0.5,0.466666667,2,3,60,Logit,0.303989897,0.278960103,
1,-2.101049305,-5.115454423,2.18E-02,17.12241658,6.352995036,35.95670964,0.251031965,0.419119314,36.24011257,14,,0,0.166666667,0.166666667,0.366666667,2,1,60,Firth,0.122707522,0.094842223,
1,-3.699502827,-6.711723125,-1.65E+00,19.48389803,9.944235016,35.35746334,0.302646185,0.423714343,39.04144034,11,,0,0.283333333,0.283333333,0.366666667,2,2,60,Firth,0.189874881,0.165386904,
1,-4.97481247,-8.075047213,-2.84E+00,15.77558259,9.029481355,25.51668452,0.454628982,0.578864546,40.42102099,9,,0,0.5,0.5,0.366666667,2,3,60,Firth,0.315348891,0.285104603,
2,-2.865542046,-5.988048618,-6.36E-01,22.36443389,9.627321624,42.14458221,0.2263758,0.328916193,38.98697994,12,,0,0.183333333,0.183333333,0.35,2,1,60,Firth,0.128129425,0.106795495,
2,-3.780470152,-6.946413154,-1.61E+00,22.18907256,11.10012669,39.82640668,0.269398133,0.369567191,43.44191958,11,,0,0.283333333,0.283333333,0.416666667,2,2,60,Firth,0.170375312,0.148872779,
2,-4.502521262,-7.175743165,-2.50E+00,16.93086665,9.366487007,27.16395904,0.395711925,0.515510567,47.73390036,9,,0,0.5,0.5,0.416666667,2,3,60,Firth,0.265935664,0.237755107,
3,-4.226515042,-8.345891715,-1.46E+00,28.84197877,12.62796042,55.95993905,0.222721876,0.325003521,31.33709667,15,,0,0.183333333,0.183333333,0.25,2,1,60,Firth,0.146540398,0.1299978,
3,-4.163759409,-7.252588075,-2.02E+00,21.4052659,11.56269671,37.12104441,0.297169118,0.395575702,36.97377741,11,,0,0.283333333,0.283333333,0.366666667,2,2,60,Firth,0.194520331,0.17223043,
3,-5.917299114,-9.674768405,-3.40E+00,19.02555969,11.16273702,30.5822883,0.426506438,0.519157315,39.16233357,9,,0,0.5,0.5,0.366666667,2,3,60,Firth,0.311018399,0.28594049,
4,-2.352365754,-4.844866485,-4.50E-01,19.63320106,8.836476268,38.06190512,0.231729422,0.356506216,34.45854512,12,,0,0.166666667,0.166666667,0.2,2,1,60,Firth,0.119815701,0.095513946,
4,-4.32848224,-7.386384487,-2.17E+00,23.34985836,12.95486256,38.65919917,0.279475221,0.362470528,32.89526621,11,,0,0.283333333,0.283333333,0.2,2,2,60,Firth,0.185375096,0.164941514,
4,-7.775732724,-14.05579419,-4.19E+00,25.90924575,14.13779188,46.71345132,0.384918859,0.473461405,31.76734745,13,,0,0.5,0.5,0.2,2,3,60,Firth,0.300114206,0.28169911,
5,-1.778635094,-3.995854465,5.85E-02,16.0773203,6.578200854,29.4774849,0.247296166,0.372932333,40.6491895,10,,0,0.166666667,0.166666667,0.6,2,1,60,Firth,0.110630072,0.080953406,
5,-2.99483373,-5.414081469,-1.15E+00,17.196534,8.632079428,29.23957575,0.301924696,0.412976045,47.11500729,9,,0,0.283333333,0.283333333,0.6,2,2,60,Firth,0.174153334,0.146408135,
5,-3.222147831,-5.286845972,-1.64E+00,11.44880934,5.915830408,18.98261679,0.473356857,0.667964305,57.89139505,8,,0,0.5,0.5,0.6,2,3,60,Firth,0.281439557,0.239765245,
6,-2.110854573,-4.556754906,-1.93E-01,15.84194672,6.614596585,29.47750933,0.271941272,0.409131247,41.73918325,11,,0,0.183333333,0.183333333,0.4,2,1,60,Firth,0.133244645,0.103127056,
6,-3.223416942,-5.847519333,-1.28E+00,17.13479323,8.542913484,29.75699076,0.316352899,0.436365141,45.71672243,10,,0,0.283333333,0.283333333,0.483333333,2,2,60,Firth,0.188121146,0.160275975,
6,-4.530317942,-7.250154803,-2.54E+00,15.2493316,8.546377798,24.70861656,0.441169665,0.574615703,46.97780057,9,,0,0.5,0.5,0.483333333,2,3,60,Firth,0.29708305,0.265795039,
7,-2.948179415,-6.145678562,-8.15E-01,22.12309123,9.945541761,43.76138567,0.232580698,0.356674255,29.76425377,14,,1,0.166666667,0.166666667,0.216666667,2,1,60,Firth,0.133262544,0.111695881,
7,-4.331885282,-7.595181671,-2.13E+00,21.14193434,11.52458592,36.74095783,0.308822729,0.409338474,31.87160634,11,,1,0.283333333,0.283333333,0.216666667,2,2,60,Firth,0.204895409,0.182327878,
7,-9.0927868,-18.2683058,-4.66E+00,26.89513233,13.98498985,54.01287519,0.419778986,0.519021922,28.0210899,14,,1,0.5,0.5,0.216666667,2,3,60,Firth,0.338082992,0.320342932,
8,-2.086726168,-4.156414039,-4.44E-01,14.260338,6.606747732,25.91523904,0.300410183,0.453377501,42.0283281,11,,0,0.216666667,0.216666667,0.5,2,1,60,Firth,0.146330765,0.112872845,
8,-1.721239628,-3.317033413,-3.77E-01,9.681102241,4.648049819,16.64657561,0.404753933,0.606790416,52.72059127,9,,0,0.283333333,0.283333333,0.666666667,2,2,60,Firth,0.177793766,0.128509992,
8,-2.949846444,-4.711203932,-1.56E+00,8.933293107,4.946889789,14.22759506,0.576167261,0.789746806,56.57433251,7,,0,0.5,0.5,0.666666667,2,3,60,Firth,0.330208178,0.276798842,
9,-1.545514807,-3.460136509,8.41E-02,13.21068346,5.436405763,24.26278077,0.283311563,0.44571195,42.09364619,10,,0,0.183333333,0.183333333,0.45,2,1,60,Firth,0.116989769,0.08087345,
9,-2.769671672,-4.910166119,-1.08E+00,15.15084126,7.706360236,25.36651722,0.327829733,0.454818944,44.74142232,10,,0,0.283333333,0.283333333,0.533333333,2,2,60,Firth,0.182806461,0.151315058,
9,-3.670603271,-6.024186633,-1.95E+00,11.85822161,6.267851366,19.6639585,0.494832028,0.682948198,50.34249882,9,,0,0.5,0.5,0.533333333,2,3,60,Firth,0.309540789,0.269305307,
10,-1.230534708,-3.026407218,2.64E-01,11.00625495,4.686298857,20.96322803,0.311437387,0.50785237,38.83876524,11,,0,0.166666667,0.166666667,0.366666667,2,1,60,Firth,0.111803217,0.068453207,
10,-2.827181148,-5.026469523,-1.21E+00,13.53920302,7.277634153,23.17320559,0.371100553,0.515599616,40.15471936,10,,0,0.283333333,0.283333333,0.366666667,2,2,60,Firth,0.208814444,0.173574463,
10,-4.61381074,-7.429111805,-2.63E+00,12.59221784,7.390453723,19.90224659,0.540892431,0.679157772,41.94599163,8,,0,0.5,0.5,0.366666667,2,3,60,Firth,0.366401757,0.328511589,
11,-2.120387099,-4.198753376,-4.97E-01,17.15295725,8.60164777,30.13838411,0.251712379,0.364313829,34.14285018,11,,0,0.183333333,0.183333333,0.3,2,1,60,Firth,0.123616416,0.095800731,
11,-3.272504894,-5.73880748,-1.49E+00,17.37499117,9.703901923,28.69193032,0.314804734,0.413366098,38.15515532,9,,0,0.283333333,0.283333333,0.366666667,2,2,60,Firth,0.188345701,0.160885471,
11,-6.308762444,-10.89203676,-3.43E+00,20.32013907,11.32703652,34.47338291,0.418598859,0.51451843,38.50367627,11,,0,0.5,0.5,0.366666667,2,3,60,Firth,0.310468468,0.286988252,
12,-1.767500385,-3.787871338,-9.78E-02,13.11051673,5.904141241,23.58934557,0.302407986,0.448254895,41.62222839,10,,0,0.183333333,0.183333333,0.516666667,2,1,60,Firth,0.134815463,0.098423209,
12,-2.870617266,-5.060196386,-1.17E+00,14.25386299,7.591336398,23.66332199,0.355541641,0.478497284,45.69191044,9,,0,0.283333333,0.283333333,0.65,2,2,60,Firth,0.201392231,0.167919112,
12,-4.418342789,-7.065515155,-2.47E+00,13.60446544,7.777400436,21.51921369,0.486279112,0.617124837,49.41981534,8,,0,0.5,0.5,0.65,2,3,60,Firth,0.32477151,0.28970058,
13,-1.267728217,-3.239903959,4.33E-01,13.12959388,4.849520345,24.76019818,0.263904034,0.426064319,43.55505108,10,,0,0.166666667,0.166666667,0.35,2,1,60,Firth,0.096555021,0.060215645,
13,-3.40458361,-6.147172641,-1.44E+00,19.56084253,10.06295268,33.65286335,0.286378676,0.386435363,43.88209786,10,,0,0.283333333,0.283333333,0.35,2,2,60,Firth,0.17405097,0.149659318,
13,-4.359990235,-6.971079238,-2.41E+00,15.86821651,8.786433734,25.50583419,0.413229477,0.539280993,49.00142542,8,,0,0.5,0.5,0.35,2,3,60,Firth,0.274762462,0.244694732,
14,-1.659787024,-3.732143257,7.31E-02,17.54582697,7.144226876,33.04829497,0.219825011,0.349459636,39.00563257,11,,0,0.166666667,0.166666667,0.583333333,2,1,60,Firth,0.094597253,0.06740439,
14,-2.845471805,-5.035066887,-1.13E+00,18.29222244,9.303321994,30.65966309,0.275674342,0.38254232,44.02417245,10,,0,0.283333333,0.283333333,0.583333333,2,2,60,Firth,0.155556375,0.129473089,
14,-3.501786585,-5.670231065,-1.91E+00,13.09491683,7.222926847,21.54490151,0.435207893,0.595672094,50.95125658,9,,0,0.5,0.5,0.583333333,2,3,60,Firth,0.267415718,0.23098011,
15,-2.705101322,-5.577672496,-4.87E-01,20.20643538,8.680396313,37.05759856,0.242612109,0.346617093,37.80216687,11,,0,0.166666667,0.166666667,0.35,2,1,60,Firth,0.133873257,0.110260916,
15,-5.016117486,-9.112631068,-2.35E+00,26.22696575,13.56467885,46.55818788,0.275035326,0.356129377,38.41516964,12,,1,0.283333333,0.283333333,0.35,2,2,60,Firth,0.191258018,0.173066007,
15,-6.832065059,-11.36380769,-3.82E+00,24.33803571,13.48617958,40.62783576,0.370995003,0.459841129,38.07073126,11,,0,0.5,0.5,0.35,2,3,60,Firth,0.280715549,0.261111615,
16,-2.638434611,-5.355364901,-6.56E-01,16.67851369,7.324029691,32.22148903,0.28993346,0.449593217,33.55424014,12,,0,0.183333333,0.183333333,0.316666667,2,1,60,Firth,0.158193629,0.129586688,
16,-3.305337239,-5.805584344,-1.45E+00,14.5713017,7.473625688,24.90568505,0.377630079,0.525210302,37.95953493,11,,0,0.283333333,0.283333333,0.416666667,2,2,60,Firth,0.226838844,0.194094944,
16,-4.829107281,-7.993739176,-2.73E+00,12.26738169,6.918172814,20.52637766,0.572765406,0.749196179,37.95946038,10,,0,0.5,0.5,0.416666667,2,3,60,Firth,0.393654278,0.354760791,
17,-1.942431558,-4.428965274,-1.62E-01,16.43435493,7.035520444,33.16782574,0.251890394,0.408571024,35.75095537,13,,1,0.166666667,0.166666667,0.3,2,1,60,Firth,0.118193356,0.089161413,
17,-3.339841382,-5.831334803,-1.53E+00,17.53533415,9.42014437,30.3765945,0.315766207,0.435563301,37.6940032,11,,1,0.283333333,0.283333333,0.3,2,2,60,Firth,0.190463515,0.163254381,
17,-5.933822141,-10.04513668,-3.35E+00,18.15882699,10.45897393,30.14988278,0.447773787,0.551626457,35.39648226,10,,1,0.5,0.5,0.3,2,3,60,Firth,0.326773428,0.300498534,
18,-2.772271346,-5.626053255,-5.91E-01,21.56625211,9.528481768,39.81960184,0.230429279,0.331727554,36.11507004,12,,0,0.166666667,0.166666667,0.483333333,2,1,60,Firth,0.128546737,0.106423225,
18,-4.494475711,-7.930136579,-2.12E+00,24.35030802,12.84727978,41.82213813,0.274809677,0.357389395,38.45302822,11,,0,0.283333333,0.283333333,0.483333333,2,2,60,Firth,0.184575723,0.164981669,
18,-5.756515561,-9.451613907,-3.27E+00,20.49762478,11.67247921,33.86357053,0.388032283,0.486969894,41.39254293,10,,0,0.5,0.5,0.483333333,2,3,60,Firth,0.280838176,0.257561272,
19,-2.768792596,-5.473431914,-7.43E-01,20.56286564,9.877354383,37.01646825,0.24150414,0.340154157,32.66505703,11,,0,0.166666667,0.166666667,0.333333333,2,1,60,Firth,0.134650133,0.11144708,
19,-4.89069393,-8.723562327,-2.38E+00,24.23437983,13.18031649,41.64619061,0.292473691,0.370948923,34.17636006,11,,0,0.283333333,0.283333333,0.333333333,2,2,60,Firth,0.201808091,0.182120306,
19,-8.422278747,-15.14155625,-4.46E+00,27.81062784,14.77591019,49.73087368,0.381850542,0.465980333,33.84634708,13,,0,0.5,0.5,0.333333333,2,3,60,Firth,0.302843891,0.285687815,
20,-1.693909406,-3.668029804,-7.57E-02,13.42296137,6.069039165,24.19686543,0.289886403,0.434728644,40.59091927,10,,0,0.183333333,0.183333333,0.416666667,2,1,60,Firth,0.12619491,0.090649754,
20,-2.668456401,-4.786176988,-1.04E+00,13.89975542,7.29600163,23.27415815,0.350055151,0.479505782,45.6332424,9,,0,0.283333333,0.283333333,0.5,2,2,60,Firth,0.191978659,0.157652785,
20,-4.307013522,-6.948593246,-2.42E+00,13.50859611,7.782865773,21.78394696,0.481488827,0.619158785,47.67861931,9,,0,0.5,0.5,0.5,2,3,60,Firth,0.318835021,0.283515196,
21,-2.935901348,-5.69343623,-8.70E-01,18.70911746,9.125320496,33.21616999,0.274364942,0.376654957,36.16044081,11,,1,0.183333333,0.183333333,0.366666667,2,1,60,Firth,0.156923562,0.13142149,
21,-3.900189847,-6.724251522,-1.79E+00,18.4295666,9.971829783,30.36447543,0.330849583,0.424805775,41.71772143,9,,0,0.283333333,0.283333333,0.4,2,2,60,Firth,0.211626781,0.185737878,
21,-6.663044661,-11.27713435,-3.61E+00,21.08251672,11.50141435,35.30253385,0.420266202,0.516161538,41.75880221,10,,1,0.5,0.5,0.4,2,3,60,Firth,0.31604598,0.293414846,
22,-0.59135016,-2.119521698,8.30E-01,7.830229065,2.737066791,14.97530166,0.356129395,0.62167384,46.01949395,9,,0,0.166666667,0.166666667,0.816666667,2,1,60,Firth,0.075521438,0.014588195,
22,-1.715043831,-3.271931584,-3.79E-01,9.03987334,4.462107646,15.10269942,0.432779118,0.627631165,53.66947185,8,,0,0.283333333,0.283333333,0.816666667,2,2,60,Firth,0.189719896,0.136940257,
22,-5.595379771,-9.299254919,-3.18E+00,17.01412079,9.901550602,28.03193568,0.458008054,0.567728765,38.11682362,10,,0,0.483333333,0.483333333,0.35,2,3,60,Firth,0.328866818,0.300824155,
23,-2.220978793,-4.655041535,-3.42E-01,18.81261864,8.184965867,35.80240204,0.234853183,0.363465459,34.62679469,12,,0,0.166666667,0.166666667,0.3,2,1,60,Firth,0.118057929,0.092696162,
23,-3.884811812,-6.795837572,-1.82E+00,20.97681942,11.1236521,35.63413336,0.289940828,0.387920639,35.76367906,11,,0,0.283333333,0.283333333,0.3,2,2,60,Firth,0.185195464,0.162450298,
23,-5.766160323,-9.866251916,-3.20E+00,18.82740698,10.41195798,32.39531587,0.422967693,0.542381918,36.3217946,10,,0,0.5,0.5,0.3,2,3,60,Firth,0.306264178,0.280922332,
24,-1.218636382,-2.954829513,3.12E-01,10.18667053,4.243302528,18.31450935,0.335326538,0.516302951,45.72181199,9,,0,0.183333333,0.183333333,0.583333333,2,1,60,Firth,0.11963049,0.072792688,
24,-2.248902073,-4.109791054,-7.27E-01,11.36645719,5.82411935,18.80926636,0.391162046,0.540513378,51.24628965,8,,0,0.283333333,0.283333333,0.65,2,2,60,Firth,0.197854269,0.155878018,
24,-3.757560449,-6.012760231,-2.03E+00,11.4292619,6.386768806,18.05782883,0.521012212,0.678306634,55.43570468,7,,0,0.5,0.5,0.65,2,3,60,Firth,0.328766676,0.287021089,
25,-2.657960855,-5.324930558,-5.82E-01,18.92333178,8.39712368,34.81488362,0.256571384,0.373154591,38.88070506,11,,0,0.183333333,0.183333333,0.4,2,1,60,Firth,0.140459454,0.115246069,
25,-3.644233298,-6.372522018,-1.61E+00,19.13744145,9.977319365,32.33636392,0.305237139,0.407385445,42.65777033,10,,0,0.283333333,0.283333333,0.5,2,2,60,Firth,0.190424269,0.165492971,
25,-5.023488974,-8.031841652,-2.88E+00,16.88904032,9.768628822,27.20831041,0.427538416,0.540896195,44.41280621,9,,0,0.5,0.5,0.5,2,3,60,Firth,0.297440759,0.269190412,
26,-0.761130735,-2.716802507,9.45E-01,7.71742679,2.02037914,16.10750433,0.383334419,0.76228805,47.36565016,11,,0,0.166666667,0.166666667,0.6,2,1,60,Firth,0.098624938,0.036801059,
26,-2.273021935,-4.301474022,-6.17E-01,10.49021339,4.769921386,18.403255,0.426134946,0.630375494,52.78528546,9,,0,0.283333333,0.283333333,0.6,2,2,60,Firth,0.216680238,0.171197726,
26,-2.858662911,-4.68502896,-1.41E+00,7.814036728,3.930935397,12.9586432,0.647026328,0.940849851,60.37192664,8,,0,0.5,0.5,0.6,2,3,60,Firth,0.365836892,0.304777382,
27,-1.632402841,-3.643781146,4.10E-02,14.52471322,6.23850182,27.0993104,0.263662859,0.410814005,38.42511196,11,,0,0.166666667,0.166666667,0.333333333,2,1,60,Firth,0.112387957,0.079539029,
27,-3.289041658,-5.711991307,-1.47E+00,17.46336452,9.385080385,29.00554638,0.314158605,0.420943433,39.99257234,10,,0,0.283333333,0.283333333,0.333333333,2,2,60,Firth,0.188339518,0.161018251,
27,-5.284850987,-8.752533323,-2.98E+00,17.05266066,9.717469858,28.26538726,0.438762942,0.555508707,40.55042178,10,,0,0.5,0.5,0.333333333,2,3,60,Firth,0.309913573,0.281934287,
28,-1.492432101,-3.49750457,2.10E-01,13.51691043,5.500635012,24.65466833,0.272965978,0.418934851,40.96119079,10,,0,0.166666667,0.166666667,0.7,2,1,60,Firth,0.110412221,0.075114121,
28,-2.217349341,-4.194950788,-6.44E-01,12.31979576,5.906142567,21.11668556,0.358331745,0.515072162,51.33999081,9,,0,0.283333333,0.283333333,0.7,2,2,60,Firth,0.179982638,0.141254621,
28,-7.987147874,-15.60662409,-4.21E+00,28.52444343,14.85931944,57.15309444,0.357040181,0.460852093,33.08913883,14,,0,0.483333333,0.483333333,0.25,2,3,60,Firth,0.280010648,0.263283897,
29,-2.590776913,-5.157245244,-6.12E-01,20.49114342,9.434251158,37.28796141,0.233661997,0.34061188,32.61587022,11,,0,0.166666667,0.166666667,0.316666667,2,1,60,Firth,0.126433985,0.103149718,
29,-4.652480194,-8.349771266,-2.21E+00,23.98815022,12.66083675,41.20069174,0.285545351,0.369169148,33.65230229,11,,0,0.283333333,0.283333333,0.316666667,2,2,60,Firth,0.193949102,0.174059229,
29,-5.753546322,-9.820866334,-3.19E+00,18.77782115,10.33008518,32.61937524,0.423412857,0.54800727,37.80694808,11,,0,0.5,0.5,0.316666667,2,3,60,Firth,0.306401167,0.280992402,
30,-1.55586851,-3.671719556,2.31E-01,13.03090559,5.198389086,24.47472705,0.288014755,0.445461469,42.60751988,10,,0,0.166666667,0.166666667,0.466666667,2,1,60,Firth,0.119398341,0.082783752,
30,-3.418940452,-5.927215529,-1.50E+00,17.36772376,9.222694533,28.86742193,0.323367938,0.42788023,44.153833,9,,0,0.283333333,0.283333333,0.466666667,2,2,60,Firth,0.19685599,0.169384269,
30,-5.256079617,-8.527742779,-2.98E+00,17.26083538,9.897515103,27.92047653,0.431804373,0.540727862,45.12208287,9,,0,0.5,0.5,0.466666667,2,3,60,Firth,0.304508994,0.276867154,
1,-1.973238159,-3.912488057,-3.40E-02,16.52841484,12.09283831,20.96399138,0.252320793,0.41206804,30.70942476,0,,0,0.166666667,0.166666667,0.366666667,2,1,60,Lasso,0.119384598,0.09051787,
1,-3.132481505,-4.838815229,-1.43E+00,16.66981344,12.76697769,20.57264918,0.319722,0.45219247,33.93818403,0,,0,0.283333333,0.283333333,0.366666667,2,2,60,Lasso,0.187913411,0.15929154,
1,-4.904399181,-6.244652134,-3.56E+00,15.50307096,12.43755859,18.56858333,0.458078517,0.58542146,35.48573933,0,,0,0.5,0.5,0.366666667,2,3,60,Lasso,0.316350173,0.285574254,
2,-2.80947879,-4.949625548,-6.69E-01,22.2968128,16.49928635,28.09433925,0.224547939,0.327780375,32.63702771,0,,0,0.183333333,0.183333333,0.35,2,1,60,Lasso,0.126003605,0.104604975,
2,-3.454765303,-5.219689686,-1.69E+00,20.50186989,15.72079787,25.28294191,0.275681677,0.38181243,37.76529099,0,,0,0.283333333,0.283333333,0.416666667,2,2,60,Lasso,0.168509766,0.145237681,
2,-4.099819663,-5.202910167,-3.00E+00,15.28823116,12.30002657,18.27643575,0.411888346,0.551787861,43.13477431,0,,0,0.5,0.5,0.416666667,2,3,60,Lasso,0.268168346,0.236959945,
3,-4.207202803,-7.277384446,-1.14E+00,28.98236122,20.95132928,37.01339316,0.220976729,0.324970724,24.17250447,0,,0,0.183333333,0.183333333,0.25,2,1,60,Lasso,0.145164253,0.128701782,
3,-4.065053628,-5.953234994,-2.18E+00,21.01570655,16.07657049,25.9548426,0.297980855,0.398001952,31.12631807,0,,0,0.283333333,0.283333333,0.366666667,2,2,60,Lasso,0.193429311,0.170726231,
3,-5.618916367,-6.957504216,-4.28E+00,18.03451075,14.53301051,21.53601099,0.433399112,0.530732201,34.01650314,0,,0,0.5,0.5,0.366666667,2,3,60,Lasso,0.311564669,0.285108656,
4,-2.169742168,-4.108168771,-2.31E-01,18.83745232,13.56946485,24.10543978,0.231823639,0.36172747,28.39025258,0,,0,0.166666667,0.166666667,0.2,2,1,60,Lasso,0.115182358,0.089854025,
4,-4.241287533,-6.235181102,-2.25E+00,22.96015219,17.54142428,28.3788801,0.280421143,0.364536499,26.80558994,0,,0,0.283333333,0.283333333,0.2,2,2,60,Lasso,0.184723842,0.163943438,
4,-7.74820551,-9.633809988,-5.86E+00,25.79678388,20.67234907,30.92121869,0.385529845,0.47492161,25.27490189,0,,0,0.5,0.5,0.2,2,3,60,Lasso,0.300355484,0.281860107,
5,-1.251773688,-2.568029295,6.45E-02,13.27214194,9.769158224,16.77512566,0.259867494,0.419844858,35.6041738,0,,0,0.166666667,0.166666667,0.6,2,1,60,Lasso,0.094315876,0.058366798,
5,-2.295309995,-3.454160193,-1.14E+00,13.75161467,10.66753787,16.83569147,0.326691423,0.469810399,42.83614522,0,,0,0.283333333,0.283333333,0.6,2,2,60,Lasso,0.166912035,0.132216382,
5,-2.00199499,-2.490136725,-1.51E+00,6.83666076,5.537557044,8.135764476,0.614220848,,57.25919844,0,,0,0.5,0.5,0.6,2,3,60,Lasso,0.292832285,0.223043645,
6,-1.779189524,-3.286774124,-2.72E-01,14.29525027,10.62430225,17.96619829,0.278163308,0.432629821,36.44042805,0,,0,0.183333333,0.183333333,0.4,2,1,60,Lasso,0.124460187,0.091083979,
6,-3.137228607,-4.731298732,-1.54E+00,16.8256371,12.944098,20.7071762,0.317043162,0.439369561,40.4392413,0,,0,0.283333333,0.283333333,0.483333333,2,2,60,Lasso,0.186455264,0.158098462,
6,-4.265894973,-5.41856308,-3.11E+00,14.28441063,11.47767945,17.09114181,0.452459658,0.59466957,42.42251934,0,,0,0.5,0.5,0.483333333,2,3,60,Lasso,0.298639901,0.265238365,
7,-2.925378179,-5.840944414,-9.81E-03,22.3144674,16.38202951,28.24690529,0.229564196,0.354528775,23.09053822,0,,1,0.166666667,0.166666667,0.216666667,2,1,60,Lasso,0.131097827,0.109716126,
7,-4.067986748,-6.372100725,-1.76E+00,19.95870427,15.27041666,24.64699188,0.313908721,0.417758115,26.04590771,0,,1,0.283333333,0.283333333,0.216666667,2,2,60,Lasso,0.203820183,0.17991476,
7,-8.977428394,-11.69884852,-6.26E+00,26.54558247,21.00818267,32.08298227,0.420960926,0.521070854,21.16524373,0,,1,0.5,0.5,0.216666667,2,3,60,Lasso,0.338189166,0.320215507,
8,-1.683828292,-2.975759656,-3.92E-01,12.27593736,9.218833061,15.33304165,0.316151244,0.490804618,37.36093709,0,,0,0.216666667,0.216666667,0.5,2,1,60,Lasso,0.137164947,0.098298566,
8,-1.345745131,-2.094196599,-5.97E-01,8.144245575,6.373180748,9.915310402,0.435027367,0.684759749,49.30076563,0,,0,0.283333333,0.283333333,0.666666667,2,2,60,Lasso,0.165238771,0.106654922,
8,-2.704136527,-3.356492785,-2.05E+00,8.144961356,6.601287151,9.688635561,0.601766036,0.890333302,53.41907388,0,,0,0.5,0.5,0.666666667,2,3,60,Lasso,0.332001149,0.273422448,
9,-1.450511464,-3.042231257,1.41E-01,12.99178102,9.678893438,16.30466861,0.280772593,0.448112546,36.9351196,0,,0,0.183333333,0.183333333,0.45,2,1,60,Lasso,0.111648392,0.074923539,
9,-2.328182304,-3.773574448,-8.83E-01,13.07600364,10.06767158,16.08433571,0.346084859,0.498142881,40.2777769,0,,0,0.283333333,0.283333333,0.533333333,2,2,60,Lasso,0.178049989,0.14156168,
9,-3.143685598,-4.085761169,-2.20E+00,9.985597777,8.024831518,11.94636404,0.534861337,0.774951091,46.76653059,0,,0,0.5,0.5,0.533333333,2,3,60,Lasso,0.314821973,0.267041033,
10,-1.170595455,-2.595600642,2.54E-01,11.04761278,8.046722991,14.04850258,0.304845952,0.504051331,33.90665579,0,,0,0.166666667,0.166666667,0.366666667,2,1,60,Lasso,0.105959131,0.062771407,
10,-2.203751889,-3.362017363,-1.05E+00,10.87319061,8.434022623,13.3123586,0.404754835,0.573670795,36.43213834,0,,0,0.283333333,0.283333333,0.366666667,2,2,60,Lasso,0.202677574,0.158797054,
10,-4.431987014,-5.54197188,-3.32E+00,12.06953558,9.732040754,14.40703041,0.549251589,0.696736617,37.69242991,0,,0,0.5,0.5,0.366666667,2,3,60,Lasso,0.367204437,0.3276734,
11,-2.209031497,-4.13755151,-2.81E-01,18.07562072,13.34211402,22.80912742,0.243767898,0.354393285,28.33092895,0,,0,0.183333333,0.183333333,0.3,2,1,60,Lasso,0.122210547,0.095814704,
11,-2.757209743,-4.12793697,-1.39E+00,14.98899299,11.62457547,18.35341051,0.33053817,0.441718737,33.52482489,0,,0,0.283333333,0.283333333,0.366666667,2,2,60,Lasso,0.183948965,0.152117523,
11,-5.272637068,-6.643894934,-3.90E+00,16.97375444,13.60803448,20.33947439,0.440083051,0.552093892,33.78237695,0,,0,0.5,0.5,0.366666667,2,3,60,Lasso,0.310634697,0.282525344,
12,-1.404455184,-2.623323184,-1.86E-01,11.53266667,8.544671878,14.52066147,0.312302424,0.478885055,36.94201373,0,,0,0.183333333,0.183333333,0.516666667,2,1,60,Lasso,0.12178061,0.080409324,
12,-2.405264469,-3.516577533,-1.29E+00,12.31575419,9.591425013,15.04008337,0.373707446,0.515337874,41.49321007,0,,0,0.283333333,0.283333333,0.65,2,2,60,Lasso,0.195299811,0.156559086,
12,-4.295390292,-5.338934155,-3.25E+00,13.20503303,10.64683671,15.76322935,0.491677291,0.63105729,45.08718755,0,,0,0.5,0.5,0.65,2,3,60,Lasso,0.325284328,0.289152555,
13,-1.160212353,-2.485649603,1.65E-01,12.88146636,9.556515977,16.20641675,0.260640896,0.428779613,38.29990149,0,,0,0.166666667,0.166666667,0.35,2,1,60,Lasso,0.090068345,0.053028986,
13,-3.410440305,-5.22154358,-1.60E+00,19.69813847,15.15486149,24.24141544,0.28467994,0.384954174,38.27246929,0,,0,0.283333333,0.283333333,0.35,2,2,60,Lasso,0.173135158,0.148913516,
13,-4.022430299,-5.178251285,-2.87E+00,14.5543017,11.65484537,17.45375804,0.427341346,0.573828717,44.48755118,0,,0,0.5,0.5,0.35,2,3,60,Lasso,0.276373981,0.243591834,
14,-0.873512444,-2.09978136,3.53E-01,12.42647737,9.109996826,15.74295792,0.24711243,0.43916571,34.51378774,0,,0,0.166666667,0.166666667,0.583333333,2,1,60,Lasso,0.070294454,0.031898919,
14,-2.255507424,-3.51647564,-9.95E-01,14.95025447,11.53992864,18.3605803,0.297836536,0.431108735,39.47348149,0,,0,0.283333333,0.283333333,0.583333333,2,2,60,Lasso,0.150867494,0.118953572,
14,-2.299731018,-2.866425859,-1.73E+00,8.253400905,6.720757948,9.786043862,0.544860918,0.816753936,50.00734729,0,,0,0.5,0.5,0.583333333,2,3,60,Lasso,0.278640411,0.220831362,
15,-2.092797868,-3.879148573,-3.06E-01,16.9674277,12.58798503,21.34687037,0.252838705,0.379144129,32.23295921,0,,0,0.166666667,0.166666667,0.35,2,1,60,Lasso,0.123342083,0.095222248,
15,-3.995607029,-6.001314368,-1.99E+00,21.20065973,16.28343923,26.11788024,0.292105608,0.388091054,33.08322005,0,,1,0.283333333,0.283333333,0.35,2,2,60,Lasso,0.188466165,0.165961146,
15,-6.266286964,-8.124307129,-4.41E+00,22.19621885,17.64107032,26.75136739,0.381304203,0.483926066,32.39893669,0,,0,0.5,0.5,0.35,2,3,60,Lasso,0.282313263,0.260817653,
16,-2.228309438,-4.379180273,-7.74E-02,14.68713972,10.7096438,18.66463564,0.301320346,0.476318066,28.08947875,0,,0,0.183333333,0.183333333,0.316666667,2,1,60,Lasso,0.151718407,0.119232759,
16,-3.040344342,-4.773163487,-1.31E+00,13.50915726,10.30474305,16.71357148,0.387705082,0.546662359,33.07183123,0,,0,0.283333333,0.283333333,0.416666667,2,2,60,Lasso,0.225058032,0.189739673,
16,-3.983997786,-5.00819454,-2.96E+00,9.93538821,8.041393303,11.82938312,0.622142007,0.826940513,34.55066384,0,,0,0.5,0.5,0.416666667,2,3,60,Lasso,0.400990651,0.352968244,
17,-1.700591105,-3.695370024,2.94E-01,15.26773736,11.35072396,19.18475075,0.255297533,0.420331933,30.09073186,0,,1,0.166666667,0.166666667,0.3,2,1,60,Lasso,0.111384619,0.080134327,
17,-2.784736777,-4.521577289,-1.05E+00,14.82030197,11.4097849,18.23081904,0.336157884,0.467868194,33.0183116,0,,1,0.283333333,0.283333333,0.3,2,2,60,Lasso,0.187900137,0.155706377,
17,-5.955376264,-7.869434848,-4.04E+00,18.19014821,14.43163992,21.94865651,0.448187708,0.555032254,29.93251665,0,,1,0.5,0.5,0.3,2,3,60,Lasso,0.327395698,0.301166046,
18,-2.004974049,-3.719023634,-2.91E-01,17.14765127,12.64378927,21.65151327,0.24505972,0.370269444,30.69689878,0,,0,0.166666667,0.166666667,0.483333333,2,1,60,Lasso,0.116924121,0.089099829,
18,-3.642592772,-5.39888333,-1.89E+00,20.02935582,15.41450082,24.64421082,0.291562914,0.387800506,33.2436609,0,,0,0.283333333,0.283333333,0.483333333,2,2,60,Lasso,0.181862702,0.158041604,
18,-4.587369824,-5.792622818,-3.38E+00,16.13484081,12.96790025,19.30178137,0.420493421,0.540680165,37.30785543,0,,0,0.5,0.5,0.483333333,2,3,60,Lasso,0.284314539,0.25474367,
19,-2.533213174,-4.61575126,-4.51E-01,19.45547634,14.23233795,24.67861473,0.243141708,0.346319781,26.62387039,0,,0,0.166666667,0.166666667,0.333333333,2,1,60,Lasso,0.130205662,0.105681911,
19,-4.421001214,-6.464586749,-2.38E+00,22.11134937,16.98590646,27.23679228,0.299313519,0.383312785,28.31306851,0,,0,0.283333333,0.283333333,0.333333333,2,2,60,Lasso,0.199942624,0.178364508,
19,-8.019167804,-10.16290564,-5.88E+00,26.42789783,21.05126657,31.80452909,0.386576051,0.473718207,27.42383174,0,,0,0.5,0.5,0.333333333,2,3,60,Lasso,0.303435705,0.285382008,
20,-1.541359029,-2.863826936,-2.19E-01,12.88126989,9.452446561,16.31009322,0.290234087,0.441813315,35.5404069,0,,0,0.183333333,0.183333333,0.416666667,2,1,60,Lasso,0.119658935,0.082619011,
20,-2.346243978,-3.412301179,-1.28E+00,12.52880977,9.764794266,15.29282528,0.362641674,0.505499192,41.2255802,0,,0,0.283333333,0.283333333,0.5,2,2,60,Lasso,0.187267907,0.149185977,
20,-3.860991941,-4.734473031,-2.99E+00,12.04817324,9.783458665,14.31288781,0.502832786,0.655254591,43.72315178,0,,0,0.5,0.5,0.5,2,3,60,Lasso,0.320462851,0.280861722,
21,-2.532068661,-4.505977965,-5.58E-01,16.85167081,12.64759397,21.05574764,0.280642394,0.391927661,30.6634557,0,,1,0.183333333,0.183333333,0.366666667,2,1,60,Lasso,0.150256238,0.121943244,
21,-3.841415178,-5.806577799,-1.88E+00,18.26995827,14.08451032,22.45540622,0.330522909,0.425409296,36.33900665,0,,0,0.283333333,0.283333333,0.4,2,2,60,Lasso,0.210258563,0.184143493,
21,-6.445573085,-8.425614531,-4.47E+00,20.35286005,16.13572284,24.56999727,0.42464782,0.524959525,36.20181434,0,,1,0.5,0.5,0.4,2,3,60,Lasso,0.316691269,0.293248802,
22,-0.10330539,-0.817788855,6.11E-01,5.959547301,4.240957348,7.678137255,0.386024282,0.819176626,42.57154912,0,,0,0.166666667,0.166666667,0.816666667,2,1,60,Lasso,0.017334436,-0.062725547,
22,-1.052035571,-1.621356395,-4.83E-01,6.520816068,5.151394526,7.89023761,0.498290416,0.815212018,51.42944752,0,,0,0.283333333,0.283333333,0.816666667,2,2,60,Lasso,0.161334956,0.088166007,
22,-5.069342754,-6.301502738,-3.84E+00,15.38236516,12.41857681,18.34615351,0.472395971,0.589515247,33.38710371,0,,0,0.483333333,0.483333333,0.35,2,3,60,Lasso,0.329555481,0.298538063,
23,-2.104886871,-4.357419227,1.48E-01,18.43889309,13.49533421,23.38245197,0.233317229,0.365843036,28.55289432,0,,0,0.166666667,0.166666667,0.3,2,1,60,Lasso,0.114154731,0.088278923,
23,-3.437429366,-5.455956585,-1.42E+00,18.71019208,14.2801966,23.14018756,0.301154254,0.410583025,30.315272,0,,0,0.283333333,0.283333333,0.3,2,2,60,Lasso,0.183719619,0.158219012,
23,-5.244291845,-6.806661371,-3.68E+00,16.99778388,13.56890272,20.42666503,0.437793331,0.566989612,31.15678697,0,,0,0.5,0.5,0.3,2,3,60,Lasso,0.308527975,0.28045836,
24,-1.003161188,-2.120471117,1.14E-01,9.447228976,7.155736442,11.73872151,0.338764496,0.539925071,41.33855574,0,,0,0.183333333,0.183333333,0.583333333,2,1,60,Lasso,0.10618576,0.055681929,
24,-2.142611876,-3.331966729,-9.53E-01,11.0378853,8.598635724,13.47713487,0.393176441,0.547716413,47.05201063,0,,0,0.283333333,0.283333333,0.65,2,2,60,Lasso,0.194114345,0.15088856,
24,-3.204781254,-4.160782107,-2.25E+00,9.706956178,7.746292659,11.6676197,0.556508728,0.888822836,52.1794714,0,,0,0.5,0.5,0.65,2,3,60,Lasso,0.330153057,0.281000547,
25,-2.311676803,-4.050476768,-5.73E-01,17.22544567,12.76123531,21.68965603,0.261758184,0.389225091,33.21777675,0,,0,0.183333333,0.183333333,0.4,2,1,60,Lasso,0.134201277,0.106502646,
25,-3.355438511,-4.947294928,-1.76E+00,17.80959775,13.72265155,21.89654394,0.311779253,0.421076535,37.36235641,0,,0,0.283333333,0.283333333,0.5,2,2,60,Lasso,0.188406193,0.161616073,
25,-4.819307946,-6.054082639,-3.58E+00,16.15947585,12.98930442,19.32964729,0.434205452,0.554131927,39.57407993,0,,0,0.5,0.5,0.5,2,3,60,Lasso,0.298234175,0.268708387,
26,-0.486213248,-1.391965745,4.20E-01,6.893004335,5.031729912,8.754278758,0.389298729,0.877822353,43.1326783,0,,0,0.166666667,0.166666667,0.6,2,1,60,Lasso,0.070537203,0.001319017,
26,-1.539111574,-2.37208895,-7.06E-01,7.775120256,6.063394935,9.486845578,0.480550272,0.791145554,49.76243189,0,,0,0.283333333,0.283333333,0.6,2,2,60,Lasso,0.197953411,0.136588282,
26,-2.221272508,-2.773326395,-1.67E+00,5.935081621,4.800639506,7.069523735,0.744471158,1.216078898,58.30783685,0,,0,0.5,0.5,0.6,2,3,60,Lasso,0.374261493,0.293871486,
27,-1.475428788,-3.003574609,5.27E-02,13.96384755,10.17704968,17.75064542,0.263011563,0.417447791,33.05195999,0,,0,0.166666667,0.166666667,0.333333333,2,1,60,Lasso,0.10566062,0.071492297,
27,-3.08361307,-4.620956485,-1.55E+00,16.53817542,12.72858559,20.34776524,0.319311987,0.431223931,34.81717437,0,,0,0.283333333,0.283333333,0.333333333,2,2,60,Lasso,0.186454249,0.157604557,
27,-5.05609715,-6.337619967,-3.77E+00,16.26881592,13.09315833,19.4444735,0.445842019,0.566602496,35.54426625,0,,0,0.5,0.5,0.333333333,2,3,60,Lasso,0.310784582,0.281457232,
28,-0.804203994,-1.892547988,2.84E-01,10.05498184,7.378183946,12.73177973,0.29850164,0.516877136,36.76249641,0,,0,0.166666667,0.166666667,0.7,2,1,60,Lasso,0.079980651,0.032529421,
28,-2.400485611,-3.622279377,-1.18E+00,13.29289297,10.28787342,16.29791252,0.34587732,0.490632993,46.687007,0,,0,0.283333333,0.283333333,0.7,2,2,60,Lasso,0.180584137,0.144691179,
28,-6.089604727,-7.858642411,-4.32E+00,21.41805377,17.06707984,25.7690277,0.386908605,0.498220756,27.99740282,0,,0,0.483333333,0.483333333,0.25,2,3,60,Lasso,0.284321106,0.262044513,
29,-2.238975687,-4.333288119,-1.45E-01,18.55005984,13.48049545,23.61962423,0.239147491,0.355858126,26.68062874,0,,0,0.166666667,0.166666667,0.316666667,2,1,60,Lasso,0.120699109,0.094978369,
29,-4.261248849,-6.427758609,-2.09E+00,22.1124329,16.86810518,27.35676062,0.292074303,0.381702542,27.67133075,0,,0,0.283333333,0.283333333,0.316666667,2,2,60,Lasso,0.192708277,0.171131219,
29,-4.770849749,-6.001725564,-3.54E+00,15.34785844,12.3683583,18.32735859,0.454009551,0.594301869,33.3234114,0,,0,0.5,0.5,0.316666667,2,3,60,Lasso,0.310847912,0.279760757,
30,-1.442861526,-2.731872027,-1.54E-01,12.79998107,9.289093067,16.31086907,0.284382147,0.447370728,37.41701643,0,,0,0.166666667,0.166666667,0.466666667,2,1,60,Lasso,0.112723723,0.07544857,
30,-2.603744806,-3.711147287,-1.50E+00,13.69637781,10.680137,16.71261863,0.350528399,0.482240766,40.10663894,0,,0,0.283333333,0.283333333,0.466666667,2,2,60,Lasso,0.190104628,0.155269049,
30,-4.283496797,-5.246804704,-3.32E+00,13.95360108,11.32983179,16.57737038,0.464447947,0.597491581,41.29403687,0,,0,0.5,0.5,0.466666667,2,3,60,Lasso,0.306981457,0.272788044,
1,-2.93784,-6.07111,-0.46316,23.47621,10.07287,45.38265,0.22696,0.36309,33.0503,8,1,0,0.16667,0.16667,0.30833,2,1,60,RSS,0.12303,0.10082,0
1,-4.89623,-9.21895,-2.33085,26.62695,13.56776,49.51457,0.26312,0.39477,32.40234,8,1,0,0.28333,0.28333,0.28333,2,2,60,RSS,0.1858,0.16614,0
1,-6.51733,-10.67236,-3.81196,21.08767,12.36712,35.02916,0.40903,0.52615,31.0849,7,1,0,0.5,0.46667,0.25833,2,3,60,RSS,0.31197,0.28528,0
2,-3.66965,-7.23352,-0.93097,25.96835,12.05768,48.10378,0.21312,0.31194,35.40415,8,1,0,0.175,0.175,0.31667,2,1,60,RSS,0.12826,0.10854,0
2,-3.9384,-7.12434,-1.80998,22.93108,11.94404,40.62088,0.26625,0.36844,42.23334,7,1,0,0.28333,0.28333,0.38333,2,2,60,RSS,0.1729,0.15399,0
2,-5.05427,-8.11954,-2.85739,19.61852,10.80227,31.34784,0.37768,0.49321,45.80656,6,1,0,0.475,0.45,0.39167,2,3,60,RSS,0.25607,0.23358,0
3,-5.87198,-10.89985,-2.34298,37.63349,16.97502,74.33355,0.21385,0.30644,24.79956,8,1,0,0.2,0.2,0.23333,2,1,60,RSS,0.15347,0.14129,0
3,-6.1394,-10.82708,-3.22454,29.90519,16.09686,54.91306,0.27175,0.36928,31.463,8,1,0,0.3,0.3,0.3,2,2,60,RSS,0.19545,0.17578,0
3,-6.69208,-11.01458,-3.83452,21.79518,12.83468,35.40673,0.41339,0.50108,35.86686,6,1,0,0.48333,0.45,0.33333,2,3,60,RSS,0.30727,0.28232,0
4,-2.48441,-5.23113,-0.65183,21.59461,9.74915,43.58618,0.21656,0.36313,33.05445,8,1,0,0.16667,0.16667,0.20833,2,1,60,RSS,0.11783,0.10041,0
4,-4.79978,-8.24831,-2.50318,24.95205,14.12904,41.64492,0.27169,0.35853,31.32212,7,1,0,0.28333,0.28333,0.21667,2,2,60,RSS,0.18503,0.16569,0
4,-10.86475,-20.00367,-5.50528,35.28344,18.54812,65.62594,0.36131,0.44095,25.74722,8,1,0,0.475,0.46667,0.18333,2,3,60,RSS,0.29464,0.28127,0
5,-2.07541,-4.53981,-0.28816,18.07421,8.14023,31.82124,0.23552,0.35081,39.31157,7,1,0,0.18333,0.18333,0.56667,2,1,60,RSS,0.11606,0.09197,0
5,-3.4732,-6.20594,-1.45735,20.04886,10.60998,33.80474,0.27802,0.38574,43.17789,7,1,0,0.275,0.275,0.53333,2,2,60,RSS,0.17005,0.15115,0
5,-4.23165,-7.05075,-2.1824,16.32945,8.59741,27.09378,0.3976,0.52703,52.4514,6,1,0,0.48333,0.46667,0.5,2,3,60,RSS,0.26268,0.23203,0
6,-2.58283,-5.60211,-0.45226,19.83869,8.89865,35.69672,0.24711,0.36454,37.19065,7,1,0,0.18333,0.18333,0.33333,2,1,60,RSS,0.12921,0.10615,0
6,-3.87687,-6.89573,-1.66573,20.03912,10.60477,34.29944,0.30292,0.40051,43.22552,7,1,0,0.28333,0.28333,0.39167,2,2,60,RSS,0.19142,0.16738,0
6,-5.10017,-8.22703,-2.88289,16.84234,9.57746,26.73601,0.43246,0.56662,46.5929,6,1,0,0.525,0.46667,0.45,2,3,60,RSS,0.30275,0.27402,0
7,-3.70703,-7.38127,-1.33958,27.4436,12.40071,52.1779,0.22146,0.34574,26.25461,8,1,1,0.175,0.175,0.2,2,1,60,RSS,0.13804,0.12064,0
7,-5.26282,-9.38583,-2.65752,25.01679,13.67229,42.82244,0.29784,0.38878,28.54559,8,1,1,0.26667,0.26667,0.19167,2,2,60,RSS,0.20457,0.18545,0
7,-14.22997,-29.44259,-6.5845,40.47566,19.7645,84.60381,0.38763,0.51435,21.53224,9,1,1,0.5,0.46667,0.16667,2,3,60,RSS,0.3358,0.32248,0
8,-2.82474,-5.49058,-1.00708,18.69787,9.33176,31.98725,0.26513,0.39586,37.91318,7,1,0,0.21667,0.21667,0.45,2,1,60,RSS,0.14931,0.12709,0
8,-2.27703,-4.06824,-0.82578,11.62532,5.92602,19.09852,0.38487,0.56713,51.52387,6,1,0,0.3,0.3,0.65,2,2,60,RSS,0.19353,0.15033,0
8,-3.42693,-5.53473,-1.8473,10.54887,6.08838,16.67716,0.50901,0.68943,53.16681,5,1,0,0.5,0.46667,0.46667,2,3,60,RSS,0.31307,0.27109,0
9,-2.16747,-4.1754,-0.38549,16.33861,8.05162,29.23496,0.25449,0.39336,39.60805,7,1,0,0.18333,0.18333,0.41667,2,1,60,RSS,0.12255,0.09463,0
9,-3.10966,-5.32712,-1.32723,16.9722,9.16333,27.7921,0.31945,0.43743,43.42339,7,1,0,0.3,0.3,0.48333,2,2,60,RSS,0.1808,0.15279,0
9,-4.89497,-8.12127,-2.75791,15.53438,8.71881,25.76702,0.45349,0.59638,43.32002,7,1,0,0.5,0.46667,0.45833,2,3,60,RSS,0.30532,0.27318,0
10,-1.43224,-3.36895,-0.0229,11.82796,5.24816,22.3294,0.31163,0.49469,39.20552,7,1,0,0.18333,0.18333,0.34167,2,1,60,RSS,0.1198,0.08313,0
10,-3.49732,-6.06821,-1.65008,16.3881,9.06004,28.68678,0.32744,0.46792,37.03495,7,1,0,0.29167,0.29167,0.31667,2,2,60,RSS,0.19613,0.17181,0
10,-4.78286,-7.78849,-2.6543,12.33845,7.24821,19.9334,0.551,0.69417,44.80601,6,1,0,0.51667,0.46667,0.35,2,3,60,RSS,0.3792,0.34205,0
11,-2.36646,-4.87148,-0.69257,20.73441,10.14857,37.29854,0.22532,0.33181,29.39438,7,1,0,0.175,0.175,0.26667,2,1,60,RSS,0.10849,0.0884,0
11,-3.96567,-6.81524,-1.93938,20.54842,11.66458,33.71884,0.29748,0.38673,35.7066,7,1,0,0.28333,0.28333,0.3,2,2,60,RSS,0.19408,0.16723,0
11,-7.44599,-12.51923,-4.08934,25.12918,13.87494,42.68867,0.39568,0.4839,33.60053,7,1,0,0.5,0.46667,0.33333,2,3,60,RSS,0.306,0.28518,0
12,-1.90965,-4.36413,-0.03422,14.90464,6.96153,26.94398,0.28659,0.42673,38.95774,7,1,0,0.16667,0.16667,0.45,2,1,60,RSS,0.13371,0.10194,0
12,-3.57958,-6.54563,-1.61729,18.04589,9.85864,29.74784,0.32899,0.43721,41.51538,7,1,0,0.28333,0.28333,0.50833,2,2,60,RSS,0.20283,0.17302,0
12,-4.59695,-7.24581,-2.61459,14.59792,8.53049,22.91378,0.48062,0.5926,48.54207,6,1,0,0.51667,0.45,0.53333,2,3,60,RSS,0.33234,0.30004,0
13,-1.62495,-3.73857,0.27925,15.35142,6.31996,28.27695,0.23818,0.39253,40.46491,7,1,0,0.16667,0.16667,0.34167,2,1,60,RSS,0.09629,0.07026,0
13,-4.04753,-6.94258,-1.85364,22.08365,11.56852,38.67723,0.27239,0.36316,40.8633,7,1,0,0.29167,0.29167,0.34167,2,2,60,RSS,0.17378,0.15313,0
13,-4.87178,-7.72373,-2.75006,16.63814,9.47963,26.87956,0.40698,0.53128,47.00234,6,1,0,0.5,0.46667,0.35,2,3,60,RSS,0.28258,0.25184,0
14,-2.74696,-5.39243,-0.69201,25.29855,12.44306,45.58768,0.19259,0.29552,32.3113,8,1,0,0.16667,0.16667,0.53333,2,1,60,RSS,0.09589,0.08127,0
14,-3.54531,-5.97343,-1.73371,21.55142,11.46434,36.39579,0.26064,0.35795,39.97246,7,1,0,0.3,0.3,0.54167,2,2,60,RSS,0.16088,0.13682,0
14,-3.7632,-6.08119,-2.06761,14.45683,8.23417,23.35121,0.40128,0.53824,50.31628,6,1,0,0.49167,0.46667,0.55,2,3,60,RSS,0.25331,0.22956,0
15,-3.20365,-6.15005,-0.94495,23.53511,10.7142,42.44881,0.22428,0.32298,31.10912,8,1,0,0.16667,0.16667,0.3,2,1,60,RSS,0.13917,0.11735,0
15,-6.18963,-11.38175,-2.99637,32.55569,17.03582,58.1175,0.25391,0.32958,33.54403,8,1,1,0.26667,0.26667,0.33333,2,2,60,RSS,0.18776,0.17381,0
15,-7.68913,-13.03334,-4.35876,27.83219,15.48136,47.13704,0.35027,0.44233,35.02612,7,1,0,0.48333,0.46667,0.325,2,3,60,RSS,0.27233,0.25558,0
16,-3.31244,-6.75863,-1.08407,22.57041,10.19495,41.19163,0.25248,0.41931,30.05835,8,1,0,0.18333,0.18333,0.28333,2,1,60,RSS,0.14841,0.13156,0
16,-3.46539,-6.09539,-1.6306,16.18509,8.50494,27.97633,0.35431,0.50067,35.2628,7,1,0,0.28333,0.28333,0.35833,2,2,60,RSS,0.21964,0.19104,0
16,-5.84178,-9.67607,-3.26408,15.20568,8.70974,25.02346,0.51597,0.65924,34.77869,7,1,0,0.48333,0.46667,0.35,2,3,60,RSS,0.37229,0.34024,0
17,-2.86999,-5.70582,-0.71557,21.71535,9.98444,42.00673,0.22737,0.36755,30.52248,8,1,1,0.16667,0.16667,0.26667,2,1,60,RSS,0.12373,0.10129,0
17,-4.27545,-7.45535,-1.93571,22.17205,11.85492,38.98185,0.28798,0.40681,33.14062,8,1,1,0.28333,0.28333,0.25,2,2,60,RSS,0.18714,0.1663,0
17,-7.11246,-12.1798,-3.94423,21.27583,12.15163,36.70289,0.42679,0.52217,33.35184,7,1,1,0.49167,0.46667,0.275,2,3,60,RSS,0.32492,0.30498,0
18,-4.24801,-7.72581,-1.59228,28.2512,14.21064,49.88871,0.21017,0.30403,31.9452,8,1,0,0.18333,0.18333,0.375,2,1,60,RSS,0.13257,0.11353,0
18,-5.79273,-10.22,-2.90635,32.04878,16.3444,53.95508,0.25426,0.32546,34.40586,8,1,0,0.28333,0.28333,0.4,2,2,60,RSS,0.18577,0.16901,0
18,-6.18025,-9.9136,-3.59483,21.56914,12.30983,35.77973,0.3751,0.4692,40.98241,7,1,0,0.5,0.46667,0.4,2,3,60,RSS,0.28029,0.2624,0
19,-3.56917,-6.78902,-1.18961,23.9221,12.38013,42.04673,0.2295,0.32502,28.20805,8,1,0,0.16667,0.16667,0.28333,2,1,60,RSS,0.14217,0.12347,0
19,-5.74693,-10.00523,-2.8177,28.34232,14.82123,49.16855,0.27738,0.34942,30.97481,8,1,0,0.28333,0.28333,0.3,2,2,60,RSS,0.20109,0.18533,0
19,-9.40213,-16.37244,-5.08642,30.52567,16.84242,53.29252,0.37036,0.45098,31.34954,8,1,0,0.51667,0.46667,0.3,2,3,60,RSS,0.29966,0.28958,0
20,-2.18026,-4.4418,-0.3905,16.38035,7.67618,29.6003,0.25922,0.38973,36.50671,7,1,0,0.18333,0.18333,0.375,2,1,60,RSS,0.12587,0.09598,0
20,-3.00326,-5.31505,-1.29152,15.7963,8.42146,26.0052,0.33079,0.45199,44.61876,6,1,0,0.28333,0.28333,0.45833,2,2,60,RSS,0.19264,0.16873,0
20,-5.44513,-8.77493,-3.06386,16.46555,9.57419,26.87334,0.4491,0.56296,44.78655,6,1,0,0.5,0.46667,0.475,2,3,60,RSS,0.3171,0.28643,0
21,-4.14212,-7.65343,-1.53981,23.76899,12.10062,42.1825,0.25175,0.34589,31.2736,8,1,0,0.175,0.175,0.29167,2,1,60,RSS,0.1619,0.14341,0
21,-4.44219,-8.14453,-1.90927,21.27012,11.66592,34.52923,0.32367,0.41065,39.376,7,1,0,0.28333,0.28333,0.36667,2,2,60,RSS,0.21624,0.19492,0
21,-7.5879,-12.97638,-3.9697,22.74886,12.86261,39.91946,0.4031,0.48629,42.06316,7,1,0,0.48333,0.46667,0.39167,2,3,60,RSS,0.30964,0.2908,0
22,-1.34324,-3.2028,0.24362,11.54484,4.8322,21.24114,0.28216,0.48327,40.22516,7,1,0,0.15833,0.15833,0.4,2,1,60,RSS,0.10639,0.07421,0
22,-1.7682,-3.36657,-0.37841,9.72962,4.92398,16.66012,0.40571,0.5811,52.47143,6,1,0,0.28333,0.28333,0.78333,2,2,60,RSS,0.18121,0.12641,0
22,-6.9962,-11.77234,-4.03149,22.18564,12.75482,37.10811,0.42628,0.51953,30.23463,7,1,0,0.46667,0.46667,0.34167,2,3,60,RSS,0.32227,0.30348,0
23,-2.64128,-5.54297,-0.68224,21.50321,9.80146,39.64078,0.22163,0.35292,33.32811,8,1,0,0.18333,0.18333,0.26667,2,1,60,RSS,0.12505,0.10069,0
23,-4.99766,-8.77516,-2.44185,26.99633,14.66933,46.54542,0.26237,0.3442,28.85297,8,1,0,0.275,0.275,0.24167,2,2,60,RSS,0.17692,0.15805,0
23,-6.64147,-11.31581,-3.77118,23.48893,12.84391,38.96204,0.40152,0.51826,33.23981,7,1,0,0.5,0.46667,0.28333,2,3,60,RSS,0.30008,0.27889,0
24,-1.84268,-3.74564,-0.24195,13.65357,6.07027,23.40506,0.31412,0.4475,42.40919,7,1,0,0.2,0.2,0.5,2,1,60,RSS,0.14547,0.11053,0
24,-2.80972,-5.09629,-1.00885,14.33435,7.43606,23.37481,0.36504,0.48641,47.18861,7,1,0,0.26667,0.26667,0.575,2,2,60,RSS,0.19336,0.15469,0
24,-4.57907,-7.2538,-2.55783,13.59016,7.72554,21.46989,0.4895,0.63262,55.45729,6,1,0,0.48333,0.46667,0.59167,2,3,60,RSS,0.32766,0.29449,0
25,-3.5016,-6.62659,-1.01859,22.69494,10.57239,40.76347,0.24448,0.35272,35.67335,7,1,0,0.18333,0.18333,0.325,2,1,60,RSS,0.14694,0.12693,0
25,-4.33199,-7.38331,-2.01719,22.69706,11.74393,38.55688,0.28125,0.37839,38.60191,7,1,0,0.28333,0.28333,0.4,2,2,60,RSS,0.19852,0.17733,0
25,-6.22785,-10.30166,-3.45616,21.20119,12.04528,35.26659,0.39805,0.49844,41.50351,7,1,0,0.49167,0.46667,0.40833,2,3,60,RSS,0.29353,0.27146,0
26,-1.23356,-3.3663,0.66119,9.91443,3.30029,19.90852,0.35912,0.64122,47.19962,7,1,0,0.16667,0.16667,0.56667,2,1,60,RSS,0.11993,0.07296,0
26,-3.10758,-5.65969,-1.27202,14.76511,6.8176,25.401,0.37399,0.53231,45.92187,7,1,0,0.275,0.275,0.49167,2,2,60,RSS,0.22053,0.18895,0
26,-3.4891,-5.61853,-1.8245,9.88634,5.36734,16.04339,0.56699,0.79555,55.99388,6,1,0,0.5,0.46667,0.53333,2,3,60,RSS,0.35839,0.31428,0
27,-1.9755,-4.37218,-0.10362,17.29045,7.56576,31.53838,0.24001,0.39834,34.94302,7,1,0,0.15833,0.15833,0.325,2,1,60,RSS,0.10453,0.07872,0
27,-4.14156,-7.23703,-1.92682,22.22644,12.0177,37.34307,0.28468,0.37942,34.33154,7,1,0,0.29167,0.29167,0.29167,2,2,60,RSS,0.17918,0.1623,0
27,-6.32038,-10.75045,-3.57671,21.23513,11.85782,35.56967,0.41207,0.5168,36.11253,7,1,0,0.5,0.46667,0.31667,2,3,60,RSS,0.3056,0.28267,0
28,-1.96499,-4.05877,-0.22614,15.51383,7.46517,27.84397,0.23566,0.37373,35.01286,7,1,0,0.15,0.15,0.61667,2,1,60,RSS,0.11419,0.08391,0
28,-2.54421,-4.77847,-0.93326,14.42227,7.17607,24.23559,0.31426,0.44873,48.3203,6,1,0,0.28333,0.28333,0.66667,2,2,60,RSS,0.17841,0.14441,0
28,-9.83461,-18.85798,-4.91306,35.3137,17.89915,68.94057,0.34088,0.44529,30.36057,8,1,0,0.475,0.46667,0.25833,2,3,60,RSS,0.27503,0.26363,0
29,-3.83644,-7.6722,-1.43257,28.95645,13.93367,54.64685,0.20626,0.3077,26.34774,8,1,0,0.18333,0.18333,0.28333,2,1,60,RSS,0.13239,0.11737,0
29,-5.56816,-9.97801,-2.7812,28.53418,15.57806,50.34824,0.27635,0.35579,30.48671,8,1,0,0.28333,0.28333,0.29167,2,2,60,RSS,0.19678,0.18105,0
29,-7.06056,-12.21932,-3.92915,22.48155,12.57087,38.41981,0.41105,0.51983,32.79965,7,1,0,0.5,0.45833,0.275,2,3,60,RSS,0.30405,0.2836,0
30,-1.88449,-4.31281,-0.06461,15.36869,6.29881,27.07246,0.26527,0.4155,42.09681,7,1,0,0.16667,0.16667,0.41667,2,1,60,RSS,0.12099,0.09852,0
30,-3.86694,-6.50201,-2.00663,19.02289,10.26438,31.8137,0.30225,0.41935,42.44253,7,1,0,0.3,0.3,0.45833,2,2,60,RSS,0.20083,0.17483,0
30,-6.57039,-10.77077,-3.8269,21.98373,12.76222,36.08801,0.40021,0.49725,37.39228,6,1,0,0.5,0.46667,0.375,2,3,60,RSS,0.29643,0.27526,0
